Title,URL,Description,Details,ShortDetails,Resource,Type,Identifiers
Feedback on Trait or Action Impacts on Caudate and Paracingulum Activity.,/pubmed/26102501,"Appelgren A, Bengtsson SL.",PLoS One. 2015 Jun 23;10(6):e0129714. doi: 10.1371/journal.pone.0129714. eCollection 2015.,PLoS One.  2015,PubMed,citation,PMID:26102501 | PMCID:PMC4477935
Functional connectivity associated with hand shape generation: Imitating novel hand postures and pantomiming tool grips challenge different nodes of a shared neural network.,/pubmed/26095674,"Vingerhoets G, Clauwaert A.",Hum Brain Mapp. 2015 Sep;36(9):3426-40. doi: 10.1002/hbm.22853. Epub 2015 Jun 12.,Hum Brain Mapp.  2015,PubMed,citation,PMID:26095674
Feel the Noise: Relating Individual Differences in Auditory Imagery to the Structure and Function of Sensorimotor Systems.,/pubmed/26092220,"Lima CF, Lavan N, Evans S, Agnew Z, Halpern AR, Shanmugalingam P, Meekings S, Boebinger D, Ostarek M, McGettigan C, Warren JE, Scott SK.",Cereb Cortex. 2015 Nov;25(11):4638-50. doi: 10.1093/cercor/bhv134. Epub 2015 Jun 19.,Cereb Cortex.  2015,PubMed,citation,PMID:26092220 | PMCID:PMC4816805
Addressing a Paradox: Dual Strategies for Creative Performance in Introspective and Extrospective Networks.,/pubmed/26088973,"Pinho AL, UllÃ©n F, Castelo-Branco M, Fransson P, de Manzano Ã–.",Cereb Cortex. 2016 Jul;26(7):3052-63. doi: 10.1093/cercor/bhv130. Epub 2015 Jun 17.,Cereb Cortex.  2016,PubMed,citation,PMID:26088973
Neural Substrates for Head Movements in Humans: A Functional Magnetic Resonance Imaging Study.,/pubmed/26085638,"Prudente CN, Stilla R, Buetefisch CM, Singh S, Hess EJ, Hu X, Sathian K, Jinnah HA.",J Neurosci. 2015 Jun 17;35(24):9163-72. doi: 10.1523/JNEUROSCI.0851-15.2015.,J Neurosci.  2015,PubMed,citation,PMID:26085638 | PMCID:PMC4469741
Attenuated Neural Processing of Risk in Young Adults at Risk for Stimulant Dependence.,/pubmed/26076493,"Reske M, Stewart JL, Flagan TM, Paulus MP.",PLoS One. 2015 Jun 15;10(6):e0127010. doi: 10.1371/journal.pone.0127010. eCollection 2015.,PLoS One.  2015,PubMed,citation,PMID:26076493 | PMCID:PMC4468216
A two-step super-Gaussian independent component analysis approach for fMRI data.,/pubmed/26057592,"Ge R, Yao L, Zhang H, Long Z.",Neuroimage. 2015 Sep;118:344-58. doi: 10.1016/j.neuroimage.2015.05.088. Epub 2015 Jun 7.,Neuroimage.  2015,PubMed,citation,PMID:26057592
Functional connections between optic flow areas and navigationally responsive brain regions during goal-directed navigation.,/pubmed/26054874,"Sherrill KR, Chrastil ER, Ross RS, Erdem UM, Hasselmo ME, Stern CE.",Neuroimage. 2015 Sep;118:386-96. doi: 10.1016/j.neuroimage.2015.06.009. Epub 2015 Jun 6.,Neuroimage.  2015,PubMed,citation,PMID:26054874
Low-Frequency Fluctuations of the Resting Brain: High Magnitude Does Not Equal High Reliability.,/pubmed/26053265,"Mao D, Ding Z, Jia W, Liao W, Li X, Huang H, Yuan J, Zang YF, Zhang H.",PLoS One. 2015 Jun 8;10(6):e0128117. doi: 10.1371/journal.pone.0128117. eCollection 2015.,PLoS One.  2015,PubMed,citation,PMID:26053265 | PMCID:PMC4460034
This is your brain on Scrabble: Neural correlates of visual word recognition in competitive Scrabble players as measured during task and resting-state.,/pubmed/26026707,"Protzner AB, Hargreaves IS, Campbell JA, Myers-Stewart K, van Hees S, Goodyear BG, Sargious P, Pexman PM.",Cortex. 2016 Feb;75:204-219. doi: 10.1016/j.cortex.2015.03.015. Epub 2015 Apr 1.,Cortex.  2016,PubMed,citation,PMID:26026707
fMRI reveals lateralized pattern of brain activity modulated by the metrics of stimuli during auditory rhyme processing.,/pubmed/26025759,"Hurschler MA, Liem F, Oechslin M, StÃ_mpfli P, Meyer M.",Brain Lang. 2015 Aug;147:41-50. doi: 10.1016/j.bandl.2015.05.004. Epub 2015 May 27.,Brain Lang.  2015,PubMed,citation,PMID:26025759
Co-activated yet disconnected-Neural correlates of eye closures when trying to stay awake.,/pubmed/26019123,"Ong JL, Kong D, Chia TT, Tandi J, Thomas Yeo BT, Chee MW.",Neuroimage. 2015 Sep;118:553-62. doi: 10.1016/j.neuroimage.2015.03.085. Epub 2015 May 24.,Neuroimage.  2015,PubMed,citation,PMID:26019123
Do mirror glasses have the same effect on brain activity as a mirror box? Evidence from a functional magnetic resonance imaging study with healthy subjects.,/pubmed/26018572,"Milde C, Rance M, Kirsch P, Trojan J, Fuchs X, Foell J, Bekrater-Bodmann R, Flor H, Diers M.",PLoS One. 2015 May 27;10(5):e0127694. doi: 10.1371/journal.pone.0127694. eCollection 2015.,PLoS One.  2015,PubMed,citation,PMID:26018572 | PMCID:PMC4446290
Combined eye tracking and fMRI reveals neural basis of linguistic predictions during sentence comprehension.,/pubmed/26003489,"Bonhage CE, Mueller JL, Friederici AD, Fiebach CJ.",Cortex. 2015 Jul;68:33-47. doi: 10.1016/j.cortex.2015.04.011. Epub 2015 Apr 27.,Cortex.  2015,PubMed,citation,PMID:26003489
A single dual-stream framework for syntactic computations in music and language.,/pubmed/25998957,"Musso M, Weiller C, Horn A, Glauche V, Umarova R, Hennig J, Schneider A, Rijntjes M.",Neuroimage. 2015 Aug 15;117:267-83. doi: 10.1016/j.neuroimage.2015.05.020. Epub 2015 May 19.,Neuroimage.  2015,PubMed,citation,PMID:25998957
Connections between intraparietal sulcus and a sensorimotor network underpin sustained tactile attention.,/pubmed/25995478,"Goltz D, Gundlach C, Nierhaus T, Villringer A, MÃ_ller M, Pleger B.",J Neurosci. 2015 May 20;35(20):7938-49. doi: 10.1523/JNEUROSCI.3421-14.2015.,J Neurosci.  2015,PubMed,citation,PMID:25995478
Individual Differences in Reward and Somatosensory-Motor Brain Regions Correlate with Adiposity in Adolescents.,/pubmed/25994961,"Rapuano KM, Huckins JF, Sargent JD, Heatherton TF, Kelley WM.",Cereb Cortex. 2016 Jun;26(6):2602-11. doi: 10.1093/cercor/bhv097. Epub 2015 May 20.,Cereb Cortex.  2016,PubMed,citation,PMID:25994961 | PMCID:PMC4869807
An fMRI investigation into the effect of preceding stimuli during visual oddball tasks.,/pubmed/25989317,"Fajkus J, Mikl M, Shaw DJ, BrÃ¡zdil M.",J Neurosci Methods. 2015 Aug 15;251:56-61. doi: 10.1016/j.jneumeth.2015.05.005. Epub 2015 May 16.,J Neurosci Methods.  2015,PubMed,citation,PMID:25989317
Cerebral Asymmetry of fMRI-BOLD Responses to Visual Stimulation.,/pubmed/25985078,"Hougaard A, Jensen BH, Amin FM, Rostrup E, Hoffmann MB, Ashina M.",PLoS One. 2015 May 18;10(5):e0126477. doi: 10.1371/journal.pone.0126477. eCollection 2015.,PLoS One.  2015,PubMed,citation,PMID:25985078 | PMCID:PMC4436141
Affective context interferes with brain responses during cognitive processing in borderline personality disorder: fMRI evidence.,/pubmed/25982488,"Soloff PH, White R, Omari A, Ramaseshan K, Diwadkar VA.",Psychiatry Res. 2015 Jul 30;233(1):23-35. doi: 10.1016/j.pscychresns.2015.04.006. Epub 2015 Apr 29.,Psychiatry Res.  2015,PubMed,citation,PMID:25982488 | PMCID:PMC4465042
Resting state signatures of domain and demand-specific working memory performance.,/pubmed/25980975,"van Dam WO, Decker SL, Durbin JS, Vendemia JM, Desai RH.",Neuroimage. 2015 Sep;118:174-82. doi: 10.1016/j.neuroimage.2015.05.017. Epub 2015 May 14.,Neuroimage.  2015,PubMed,citation,PMID:25980975 | PMCID:PMC4554837
Slow breathing and hypoxic challenge: cardiorespiratory consequences and their central neural substrates.,/pubmed/25973923,"Critchley HD, Nicotra A, Chiesa PA, Nagai Y, Gray MA, Minati L, Bernardi L.",PLoS One. 2015 May 14;10(5):e0127082. doi: 10.1371/journal.pone.0127082. eCollection 2015.,PLoS One.  2015,PubMed,citation,PMID:25973923 | PMCID:PMC4431729
The neural substrates for the different modalities of movement imagery.,/pubmed/25956141,"Jiang D, Edwards MG, Mullins P, Callow N.",Brain Cogn. 2015 Jul;97:22-31. doi: 10.1016/j.bandc.2015.04.005. Epub 2015 May 24.,Brain Cogn.  2015,PubMed,citation,PMID:25956141
The neural basis of testable and non-testable beliefs.,/pubmed/25942019,"Howlett JR, Paulus MP.",PLoS One. 2015 May 5;10(5):e0124596. doi: 10.1371/journal.pone.0124596. eCollection 2015.,PLoS One.  2015,PubMed,citation,PMID:25942019 | PMCID:PMC4420500
CREB-BDNF pathway influences alcohol cue-elicited activation in drinkers.,/pubmed/25939814,"Chen J, Hutchison KE, Calhoun VD, Claus ED, Turner JA, Sui J, Liu J.",Hum Brain Mapp. 2015 Aug;36(8):3007-19. doi: 10.1002/hbm.22824. Epub 2015 May 4.,Hum Brain Mapp.  2015,PubMed,citation,PMID:25939814 | PMCID:PMC4969622
The simple act of choosing influences declarative memory.,/pubmed/25904779,"Murty VP, DuBrow S, Davachi L.",J Neurosci. 2015 Apr 22;35(16):6255-64. doi: 10.1523/JNEUROSCI.4181-14.2015.,J Neurosci.  2015,PubMed,citation,PMID:25904779 | PMCID:PMC4405547
Acute effects of the designer drugs benzylpiperazine (BZP) and trifluoromethylphenylpiperazine (TFMPP) using functional magnetic resonance imaging (fMRI) and the Stroop task--a pilot study.,/pubmed/25893641,"Curley LE, Kydd RR, Robertson MC, Pillai A, McNair N, Lee H, Kirk IJ, Russell BR.",Psychopharmacology (Berl). 2015 Aug;232(16):2969-80. doi: 10.1007/s00213-015-3933-y. Epub 2015 Apr 19.,Psychopharmacology (Berl).  2015,PubMed,citation,PMID:25893641
Severely deficient autobiographical memory (SDAM) in healthy adults: A new mnemonic syndrome.,/pubmed/25892594,"Palombo DJ, Alain C, SÃ¶derlund H, Khuu W, Levine B.",Neuropsychologia. 2015 Jun;72:105-18. doi: 10.1016/j.neuropsychologia.2015.04.012. Epub 2015 Apr 17.,Neuropsychologia.  2015,PubMed,citation,PMID:25892594
Neural mechanisms underlying urgent and evaluative behaviors: An fMRI study on the interaction of automatic and controlled processes.,/pubmed/25879953,"MegÃ_as A, Navas JF, Petrova D, CÃ¡ndido A, Maldonado A, Garcia-Retamero R, Catena A.",Hum Brain Mapp. 2015 Aug;36(8):2853-64. doi: 10.1002/hbm.22812. Epub 2015 Apr 16.,Hum Brain Mapp.  2015,PubMed,citation,PMID:25879953
Altered resting-state functional connectivity in cortical networks in psychopathy.,/pubmed/25878280,"Philippi CL, Pujara MS, Motzkin JC, Newman J, Kiehl KA, Koenigs M.",J Neurosci. 2015 Apr 15;35(15):6068-78. doi: 10.1523/JNEUROSCI.5010-14.2015.,J Neurosci.  2015,PubMed,citation,PMID:25878280 | PMCID:PMC4397604
Functional network mediates age-related differences in reaction time: a replication and extension study.,/pubmed/25874162,"Gazes Y, Habeck C, O'Shea D, Razlighi QR, Steffener J, Stern Y.",Brain Behav. 2015 May;5(5):e00324. doi: 10.1002/brb3.324. Epub 2015 Mar 13.,Brain Behav.  2015,PubMed,citation,PMID:25874162 | PMCID:PMC4389056
The Behavioral Relevance of Task Information in Human Prefrontal Cortex.,/pubmed/25870233,"Cole MW, Ito T, Braver TS.",Cereb Cortex. 2016 Jun;26(6):2497-505. doi: 10.1093/cercor/bhv072. Epub 2015 Apr 13.,Cereb Cortex.  2016,PubMed,citation,PMID:25870233 | PMCID:PMC4869805
Goal- and retrieval-dependent activity in the striatum during memory recognition.,/pubmed/25868676,"Clos M, Schwarze U, Gluth S, Bunzeck N, Sommer T.",Neuropsychologia. 2015 Jun;72:1-11. doi: 10.1016/j.neuropsychologia.2015.04.011. Epub 2015 Apr 11.,Neuropsychologia.  2015,PubMed,citation,PMID:25868676
"Dorsal striatum mediates cognitive control, not cognitive effort per se, in decision-making: An event-related fMRI study.",/pubmed/25862263,"Robertson BD, Hiebert NM, Seergobin KN, Owen AM, MacDonald PA.",Neuroimage. 2015 Jul 1;114:170-84. doi: 10.1016/j.neuroimage.2015.03.082. Epub 2015 Apr 8.,Neuroimage.  2015,PubMed,citation,PMID:25862263
Native language experience shapes neural basis of addressed and assembled phonologies.,/pubmed/25858447,"Mei L, Xue G, Lu ZL, He Q, Wei M, Zhang M, Dong Q, Chen C.",Neuroimage. 2015 Jul 1;114:38-48. doi: 10.1016/j.neuroimage.2015.03.075. Epub 2015 Apr 6. Erratum in: Neuroimage. 2017 Dec;163:488. ,Neuroimage.  2015,PubMed,citation,PMID:25858447 | PMCID:PMC4446231
Three-dimensional grammar in the brain: Dissociating the neural correlates of natural sign language and manually coded spoken language.,/pubmed/25858311,"JednorÃ_g K, Bola ÅÅ, Mostowski P, Szwed M, Boguszewski PM, Marchewka A, Rutkowski P.",Neuropsychologia. 2015 May;71:191-200. doi: 10.1016/j.neuropsychologia.2015.03.031. Epub 2015 Apr 6.,Neuropsychologia.  2015,PubMed,citation,PMID:25858311
Dyslexic children lack word selectivity gradients in occipito-temporal and inferior frontal cortex.,/pubmed/25844326,"Olulade OA, Flowers DL, Napoliello EM, Eden GF.",Neuroimage Clin. 2015 Feb 26;7:742-54. doi: 10.1016/j.nicl.2015.02.013. eCollection 2015.,Neuroimage Clin.  2015,PubMed,citation,PMID:25844326 | PMCID:PMC4375638
Age related-changes in the neural basis of self-generation in verbal paired associate learning.,/pubmed/25844310,"Vannest J, Maloney T, Kay B, Siegel M, Allendorfer JB, Banks C, Altaye M, Szaflarski JP.",Neuroimage Clin. 2015 Feb 20;7:537-46. doi: 10.1016/j.nicl.2015.02.006. eCollection 2015.,Neuroimage Clin.  2015,PubMed,citation,PMID:25844310 | PMCID:PMC4375642
"Neurofunctional correlates of ethical, food-related decision-making.",/pubmed/25830288,"Cherry JB, Bruce JM, Lusk JL, Crespi JM, Lim SL, Bruce AS.",PLoS One. 2015 Apr 1;10(4):e0120541. doi: 10.1371/journal.pone.0120541. eCollection 2015.,PLoS One.  2015,PubMed,citation,PMID:25830288 | PMCID:PMC4382275
Differentiating self-projection from simulation during mentalizing: evidence from fMRI.,/pubmed/25807390,"Schurz M, Kogler C, Scherndl T, Kronbichler M, KÃ_hberger A.",PLoS One. 2015 Mar 25;10(3):e0121405. doi: 10.1371/journal.pone.0121405. eCollection 2015.,PLoS One.  2015,PubMed,citation,PMID:25807390 | PMCID:PMC4373917
Studying memory encoding to promote reliable engagement of the medial temporal lobe at the single-subject level.,/pubmed/25803273,"SimÃ_ M, RipollÃ©s P, Fuentemilla L, Vaquero L, Bruna J, RodrÃ_guez-Fornells A.",PLoS One. 2015 Mar 24;10(3):e0119159. doi: 10.1371/journal.pone.0119159. eCollection 2015.,PLoS One.  2015,PubMed,citation,PMID:25803273 | PMCID:PMC4372361
Enhancing sensorimotor activity by controlling virtual objects with gaze.,/pubmed/25799431,"ModroÃ±o C, Plata-Bello J, Zelaya F, GarcÃ_a S, GalvÃ¡n I, Marcano F, Navarrete G, Casanova Ã“, Mas M, GonzÃ¡lez-Mora JL.",PLoS One. 2015 Mar 23;10(3):e0121562. doi: 10.1371/journal.pone.0121562. eCollection 2015.,PLoS One.  2015,PubMed,citation,PMID:25799431 | PMCID:PMC4370397
Dissociable cortical pathways for qualitative and quantitative mechanisms in the face inversion effect.,/pubmed/25762673,"Matsuyoshi D, Morita T, Kochiyama T, Tanabe HC, Sadato N, Kakigi R.",J Neurosci. 2015 Mar 11;35(10):4268-79. doi: 10.1523/JNEUROSCI.3960-14.2015.,J Neurosci.  2015,PubMed,citation,PMID:25762673
The development of the intrinsic functional connectivity of default network subsystems from age 3 to 5.,/pubmed/25759285,"Xiao Y, Zhai H, Friederici AD, Jia F.",Brain Imaging Behav. 2016 Mar;10(1):50-9. doi: 10.1007/s11682-015-9362-z.,Brain Imaging Behav.  2016,PubMed,citation,PMID:25759285
Compensatory motor network connectivity is associated with motor sequence learning after subcortical stroke.,/pubmed/25757996,"Wadden KP, Woodward TS, Metzak PD, Lavigne KM, Lakhani B, Auriat AM, Boyd LA.",Behav Brain Res. 2015 Jun 1;286:136-45. doi: 10.1016/j.bbr.2015.02.054. Epub 2015 Mar 8.,Behav Brain Res.  2015,PubMed,citation,PMID:25757996 | PMCID:PMC4390540
Concept Representation Reflects Multimodal Abstraction: A Framework for Embodied Semantics.,/pubmed/25750259,"Fernandino L, Binder JR, Desai RH, Pendl SL, Humphries CJ, Gross WL, Conant LL, Seidenberg MS.",Cereb Cortex. 2016 May;26(5):2018-34. doi: 10.1093/cercor/bhv020. Epub 2015 Mar 5.,Cereb Cortex.  2016,PubMed,citation,PMID:25750259 | PMCID:PMC4830284
The influence of orthographic depth on reading networks in simultaneous biliterate children.,/pubmed/25747965,"Cherodath S, Singh NC.",Brain Lang. 2015 Apr;143:42-51. doi: 10.1016/j.bandl.2015.02.001. Epub 2015 Mar 6.,Brain Lang.  2015,PubMed,citation,PMID:25747965
Domain-independent neural underpinning of task-switching: an fMRI investigation.,/pubmed/25734897,"Vallesi A, Arbula S, Capizzi M, Causin F, D'Avella D.",Cortex. 2015 Apr;65:173-83. doi: 10.1016/j.cortex.2015.01.016. Epub 2015 Feb 7.,Cortex.  2015,PubMed,citation,PMID:25734897
"Differences between target and non-target probe processing--combined evidence from fMRI, EEG and fMRI-constrained source analysis.",/pubmed/25731996,"Galashan D, Fehr T, Herrmann M.",Neuroimage. 2015 May 1;111:289-99. doi: 10.1016/j.neuroimage.2015.02.044. Epub 2015 Feb 28.,Neuroimage.  2015,PubMed,citation,PMID:25731996
Exploring task-related variability in fMRI data using fluctuations in power spectrum of simultaneously acquired EEG.,/pubmed/25724321,"Labounek R, LamoÅ¡ M, MareÄçek R, BrÃ¡zdil M, Jan J.",J Neurosci Methods. 2015 Apr 30;245:125-36. doi: 10.1016/j.jneumeth.2015.02.016. Epub 2015 Feb 24.,J Neurosci Methods.  2015,PubMed,citation,PMID:25724321
From personal fear to mass panic: The neurological basis of crowd perception.,/pubmed/25716010,"Huis In 't Veld EM, de Gelder B.",Hum Brain Mapp. 2015 Jun;36(6):2338-51. doi: 10.1002/hbm.22774. Epub 2015 Feb 25.,Hum Brain Mapp.  2015,PubMed,citation,PMID:25716010
A multimodal mapping study of conduction aphasia with impaired repetition and spared reading aloud.,/pubmed/25701795,"Tomasino B, Marin D, Maieron M, D'Agostini S, Medeossi I, Fabbro F, Skrap M, Luzzatti C.",Neuropsychologia. 2015 Apr;70:214-26. doi: 10.1016/j.neuropsychologia.2015.02.023. Epub 2015 Feb 18.,Neuropsychologia.  2015,PubMed,citation,PMID:25701795
Cortical networks dynamically emerge with the interplay of slow and fast oscillations for memory of a natural scene.,/pubmed/25700951,"Mizuhara H, Sato N, Yamaguchi Y.",Neuroimage. 2015 May 1;111:76-84. doi: 10.1016/j.neuroimage.2015.02.019. Epub 2015 Feb 17.,Neuroimage.  2015,PubMed,citation,PMID:25700951
The emotion potential of words and passages in reading Harry Potter--an fMRI study.,/pubmed/25681681,"Hsu CT, Jacobs AM, Citron FM, Conrad M.",Brain Lang. 2015 Mar;142:96-114. doi: 10.1016/j.bandl.2015.01.011. Epub 2015 Feb 11.,Brain Lang.  2015,PubMed,citation,PMID:25681681
Involvement of the Motor System in Comprehension of Non-Literal Action Language: A Meta-Analysis Study.,/pubmed/25681159,"Yang J, Shu H.",Brain Topogr. 2016 Jan;29(1):94-107. doi: 10.1007/s10548-015-0427-5. Epub 2015 Feb 14. Review.,Brain Topogr.  2016,PubMed,citation,PMID:25681159
Effective connectivity predicts future placebo analgesic response: A dynamic causal modeling study of pain processing in healthy controls.,/pubmed/25659463,"Sevel LS, O'Shea AM, Letzen JE, Craggs JG, Price DD, Robinson ME.",Neuroimage. 2015 Apr 15;110:87-94. doi: 10.1016/j.neuroimage.2015.01.056. Epub 2015 Feb 3.,Neuroimage.  2015,PubMed,citation,PMID:25659463 | PMCID:PMC4380552
Do bilinguals show neural differences with monolinguals when processing their native language?,/pubmed/25658632,"Palomar-GarcÃ_a MÃÅ, BueichekÃº E, ÃÅvila C, SanjuÃ¡n A, Strijkers K, Ventura-Campos N, Costa A.",Brain Lang. 2015 Mar;142:36-44. doi: 10.1016/j.bandl.2015.01.004. Epub 2015 Feb 3.,Brain Lang.  2015,PubMed,citation,PMID:25658632
Neural mechanisms underlying contextual dependency of subjective values: converging evidence from monkeys and humans.,/pubmed/25653384,"Abitbol R, Lebreton M, Hollard G, Richmond BJ, Bouret S, Pessiglione M.",J Neurosci. 2015 Feb 4;35(5):2308-20. doi: 10.1523/JNEUROSCI.1878-14.2015.,J Neurosci.  2015,PubMed,citation,PMID:25653384 | PMCID:PMC4315847
Self-affirmation alters the brain's response to health messages and subsequent behavior change.,/pubmed/25646442,"Falk EB, O'Donnell MB, Cascio CN, Tinney F, Kang Y, Lieberman MD, Taylor SE, An L, Resnicow K, Strecher VJ.",Proc Natl Acad Sci U S A. 2015 Feb 17;112(7):1977-82. doi: 10.1073/pnas.1500247112. Epub 2015 Feb 2.,Proc Natl Acad Sci U S A.  2015,PubMed,citation,PMID:25646442 | PMCID:PMC4343089
Default-mode network functional connectivity is closely related to metabolic activity.,/pubmed/25644693,"Passow S, Specht K, Adamsen TC, Biermann M, Brekke N, Craven AR, Ersland L, GrÃ_ner R, Kleven-Madsen N, Kvernenes OH, SchwarzlmÃ_ller T, Olesen RA, Hugdahl K.",Hum Brain Mapp. 2015 Jun;36(6):2027-38. doi: 10.1002/hbm.22753. Epub 2015 Feb 3.,Hum Brain Mapp.  2015,PubMed,citation,PMID:25644693 | PMCID:PMC5006878
Does acute caffeine ingestion alter brain metabolism in young adults?,/pubmed/25644657,"Xu F, Liu P, Pekar JJ, Lu H.",Neuroimage. 2015 Apr 15;110:39-47. doi: 10.1016/j.neuroimage.2015.01.046. Epub 2015 Jan 30.,Neuroimage.  2015,PubMed,citation,PMID:25644657 | PMCID:PMC4380776
The neural basis of impulsive discounting in pathological gamblers.,/pubmed/25644499,"Miedl SF, Wiswede D, Marco-PallarÃ©s J, Ye Z, Fehr T, Herrmann M, MÃ_nte TF.",Brain Imaging Behav. 2015 Dec;9(4):887-98. doi: 10.1007/s11682-015-9352-1.,Brain Imaging Behav.  2015,PubMed,citation,PMID:25644499
Evidence of stimulus correlated empathy modes--Group ICA of fMRI data.,/pubmed/25638295,"Vemuri K, Surampudi BR.",Brain Cogn. 2015 Mar;94:32-43. doi: 10.1016/j.bandc.2014.12.006. Epub 2015 Jan 29.,Brain Cogn.  2015,PubMed,citation,PMID:25638295
Long-term use of psychedelic drugs is associated with differences in brain structure and personality in humans.,/pubmed/25637267,"Bouso JC, Palhano-Fontes F, RodrÃ_guez-Fornells A, Ribeiro S, Sanches R, Crippa JA, Hallak JE, de Araujo DB, Riba J.",Eur Neuropsychopharmacol. 2015 Apr;25(4):483-92. doi: 10.1016/j.euroneuro.2015.01.008. Epub 2015 Jan 16.,Eur Neuropsychopharmacol.  2015,PubMed,citation,PMID:25637267
The Nature and Neural Correlates of Semantic Association versus Conceptual Similarity.,/pubmed/25636912,"Jackson RL, Hoffman P, Pobric G, Lambon Ralph MA.",Cereb Cortex. 2015 Nov;25(11):4319-33. doi: 10.1093/cercor/bhv003. Epub 2015 Jan 30.,Cereb Cortex.  2015,PubMed,citation,PMID:25636912 | PMCID:PMC4816784
Dynamic modulation of the action observation network by movement familiarity.,/pubmed/25632133,"Gardner T, Goulden N, Cross ES.",J Neurosci. 2015 Jan 28;35(4):1561-72. doi: 10.1523/JNEUROSCI.2942-14.2015.,J Neurosci.  2015,PubMed,citation,PMID:25632133 | PMCID:PMC4308602
Neural correlates of expected risks and returns in risky choice across development.,/pubmed/25632132,"van Duijvenvoorde AC, Huizenga HM, Somerville LH, Delgado MR, Powers A, Weeda WD, Casey BJ, Weber EU, Figner B.",J Neurosci. 2015 Jan 28;35(4):1549-60. doi: 10.1523/JNEUROSCI.1924-14.2015.,J Neurosci.  2015,PubMed,citation,PMID:25632132
Distinct functional connectivity of the hippocampus during semantic and phonemic fluency.,/pubmed/25619848,"Glikmann-Johnston Y, Oren N, Hendler T, Shapira-Lichter I.",Neuropsychologia. 2015 Mar;69:39-49. doi: 10.1016/j.neuropsychologia.2015.01.031. Epub 2015 Jan 22.,Neuropsychologia.  2015,PubMed,citation,PMID:25619848
Sex-dependent dissociation between emotional appraisal and memory: a large-scale behavioral and fMRI study.,/pubmed/25609611,"Spalek K, Fastenrath M, Ackermann S, Auschra B, Coynel D, Frey J, Gschwind L, Hartmann F, van der Maarel N, Papassotiropoulos A, de Quervain D, Milnik A.",J Neurosci. 2015 Jan 21;35(3):920-35. doi: 10.1523/JNEUROSCI.2384-14.2015.,J Neurosci.  2015,PubMed,citation,PMID:25609611
The Representation of Object-Directed Action and Function Knowledge in the Human Brain.,/pubmed/25595179,"Chen Q, Garcea FE, Mahon BZ.",Cereb Cortex. 2016 Apr;26(4):1609-18. doi: 10.1093/cercor/bhu328. Epub 2015 Jan 16.,Cereb Cortex.  2016,PubMed,citation,PMID:25595179 | PMCID:PMC4785951
Characterizing nonlinear relationships in functional imaging data using eigenspace maximal information canonical correlation analysis (emiCCA).,/pubmed/25592998,"Dong L, Zhang Y, Zhang R, Zhang X, Gong D, Valdes-Sosa PA, Xu P, Luo C, Yao D.",Neuroimage. 2015 Apr 1;109:388-401. doi: 10.1016/j.neuroimage.2015.01.006. Epub 2015 Jan 12.,Neuroimage.  2015,PubMed,citation,PMID:25592998
Skill dependent audiovisual integration in the fusiform induces repetition suppression.,/pubmed/25585276,"McNorgan C, Booth JR.",Brain Lang. 2015 Feb;141:110-23. doi: 10.1016/j.bandl.2014.12.002. Epub 2015 Jan 9.,Brain Lang.  2015,PubMed,citation,PMID:25585276 | PMCID:PMC4303511
Making cognitive latent variables manifest: distinct neural networks for fluid reasoning and processing speed.,/pubmed/25539045,"Habeck C, Steffener J, Barulli D, Gazes Y, Razlighi Q, Shaked D, Salthouse T, Stern Y.",J Cogn Neurosci. 2015 Jun;27(6):1249-58. doi: 10.1162/jocn_a_00778. Epub 2014 Dec 24.,J Cogn Neurosci.  2015,PubMed,citation,PMID:25539045 | PMCID:PMC4416986
Common and unique representations in pFC for face and place attractiveness.,/pubmed/25539044,"Pegors TK, Kable JW, Chatterjee A, Epstein RA.",J Cogn Neurosci. 2015 May;27(5):959-73. doi: 10.1162/jocn_a_00777. Epub 2014 Dec 24.,J Cogn Neurosci.  2015,PubMed,citation,PMID:25539044 | PMCID:PMC4681394
Age-related changes in reappraisal of appetitive cravings during adolescence.,/pubmed/25536500,"Giuliani NR, Pfeifer JH.",Neuroimage. 2015 Mar;108:173-81. doi: 10.1016/j.neuroimage.2014.12.037. Epub 2014 Dec 20.,Neuroimage.  2015,PubMed,citation,PMID:25536500 | PMCID:PMC4817999
A frontotemporoparietal network common to initiating and responding to joint attention bids.,/pubmed/25534111,"Caruana N, Brock J, Woolgar A.",Neuroimage. 2015 Mar;108:34-46. doi: 10.1016/j.neuroimage.2014.12.041. Epub 2014 Dec 19.,Neuroimage.  2015,PubMed,citation,PMID:25534111
"The special case of self-perspective inhibition in mental, but not non-mental, representation.",/pubmed/25527113,"Hartwright CE, Apperly IA, Hansen PC.",Neuropsychologia. 2015 Jan;67:183-92. doi: 10.1016/j.neuropsychologia.2014.12.015. Epub 2014 Dec 16.,Neuropsychologia.  2015,PubMed,citation,PMID:25527113
Neural correlates of self-deception and impression-management.,/pubmed/25527112,"Farrow TF, Burgess J, Wilkinson ID, Hunter MD.",Neuropsychologia. 2015 Jan;67:159-74. doi: 10.1016/j.neuropsychologia.2014.12.016. Epub 2014 Dec 17.,Neuropsychologia.  2015,PubMed,citation,PMID:25527112
Maintaining a cautious state of mind during a recognition test: a large-scale fMRI study.,/pubmed/25499146,"Aminoff EM, Freeman S, Clewett D, Tipper C, Frithsen A, Johnson A, Grafton ST, Miller MB.",Neuropsychologia. 2015 Jan;67:132-47. doi: 10.1016/j.neuropsychologia.2014.12.011. Epub 2014 Dec 10.,Neuropsychologia.  2015,PubMed,citation,PMID:25499146
The theory-of-mind network in support of action verb comprehension: evidence from an fMRI study.,/pubmed/25498409,"Lin N, Bi Y, Zhao Y, Luo C, Li X.",Brain Lang. 2015 Feb;141:1-10. doi: 10.1016/j.bandl.2014.11.004. Epub 2014 Dec 11.,Brain Lang.  2015,PubMed,citation,PMID:25498409
The interaction of process and domain in prefrontal cortex during inductive reasoning.,/pubmed/25498406,"Babcock L, Vallesi A.",Neuropsychologia. 2015 Jan;67:91-9. doi: 10.1016/j.neuropsychologia.2014.12.010. Epub 2014 Dec 9.,Neuropsychologia.  2015,PubMed,citation,PMID:25498406 | PMCID:PMC4410791
Visual attention in preterm born adults: specifically impaired attentional sub-mechanisms that link with altered intrinsic brain networks in a compensation-like mode.,/pubmed/25498391,"Finke K, Neitzel J, BÃ_uml JG, Redel P, MÃ_ller HJ, Meng C, Jaekel J, Daamen M, Scheef L, Busch B, Baumann N, Boecker H, Bartmann P, Habekost T, Wolke D, WohlschlÃ_ger A, Sorg C.",Neuroimage. 2015 Feb 15;107:95-106. doi: 10.1016/j.neuroimage.2014.11.062. Epub 2014 Dec 9.,Neuroimage.  2015,PubMed,citation,PMID:25498391
Frontoparietal networks involved in categorization and item working memory.,/pubmed/25482265,"Braunlich K, Gomez-Lavin J, Seger CA.",Neuroimage. 2015 Feb 15;107:146-162. doi: 10.1016/j.neuroimage.2014.11.051. Epub 2014 Dec 4.,Neuroimage.  2015,PubMed,citation,PMID:25482265 | PMCID:PMC4306569
Acoustic cue selection and discrimination under degradation: differential contributions of the inferior parietal and posterior temporal cortices.,/pubmed/25481793,"Scharinger M, Henry MJ, Obleser J.",Neuroimage. 2015 Feb 1;106:373-81. doi: 10.1016/j.neuroimage.2014.11.050. Epub 2014 Dec 3.,Neuroimage.  2015,PubMed,citation,PMID:25481793
"Once you feel it, you see it: insula and sensory-motor contribution to visual awareness for fearful bodies in parietal neglect.",/pubmed/25465122,"Tamietto M, Cauda F, Celeghin A, Diano M, Costa T, Cossa FM, Sacco K, Duca S, Geminiani GC, de Gelder B.",Cortex. 2015 Jan;62:56-72. doi: 10.1016/j.cortex.2014.10.009. Epub 2014 Nov 1.,Cortex.  2015,PubMed,citation,PMID:25465122
Modulation of cortical activity during comprehension of familiar and unfamiliar text topics in speed reading and speed listening.,/pubmed/25463816,"Buchweitz A, Mason RA, Meschyan G, Keller TA, Just MA.",Brain Lang. 2014 Dec;139:49-57. doi: 10.1016/j.bandl.2014.09.010. Epub 2014 Oct 28.,Brain Lang.  2014,PubMed,citation,PMID:25463816 | PMCID:PMC4363175
Beyond the word and image: characteristics of a common meaning system for language and vision revealed by functional and structural imaging.,/pubmed/25463475,"Jouen AL, Ellmore TM, Madden CJ, Pallier C, Dominey PF, Ventre-Dominey J.",Neuroimage. 2015 Feb 1;106:72-85. doi: 10.1016/j.neuroimage.2014.11.024. Epub 2014 Nov 15.,Neuroimage.  2015,PubMed,citation,PMID:25463475
Conflict monitoring and error processing: new insights from simultaneous EEG-fMRI.,/pubmed/25462691,"Iannaccone R, Hauser TU, Staempfli P, Walitza S, Brandeis D, Brem S.",Neuroimage. 2015 Jan 15;105:395-407. doi: 10.1016/j.neuroimage.2014.10.028. Epub 2014 Oct 22.,Neuroimage.  2015,PubMed,citation,PMID:25462691
Marginal neurofunctional changes in high-performing older adults in a verbal fluency task.,/pubmed/25461916,"Marsolais Y, Methqal I, Joanette Y.",Brain Lang. 2015 Jan;140:13-23. doi: 10.1016/j.bandl.2014.10.010. Epub 2014 Nov 21.,Brain Lang.  2015,PubMed,citation,PMID:25461916
fMRI feedback enhances emotion regulation as evidenced by a reduced amygdala response.,/pubmed/25461265,"Sarkheil P, Zilverstand A, Kilian-HÃ_tten N, Schneider F, Goebel R, Mathiak K.",Behav Brain Res. 2015 Mar 15;281:326-32. doi: 10.1016/j.bbr.2014.11.027. Epub 2014 Nov 23.,Behav Brain Res.  2015,PubMed,citation,PMID:25461265
Smoking automaticity and tolerance moderate brain activation during explore-exploit behavior.,/pubmed/25453166,"Addicott MA, Pearson JM, Froeliger B, Platt ML, McClernon FJ.",Psychiatry Res. 2014 Dec 30;224(3):254-61. doi: 10.1016/j.pscychresns.2014.10.014. Epub 2014 Oct 22.,Psychiatry Res.  2014,PubMed,citation,PMID:25453166 | PMCID:PMC4254500
"Creating external reminders for delayed intentions: dissociable influence on ""task-positive"" and ""task-negative"" brain networks.",/pubmed/25451474,"Landsiedel J, Gilbert SJ.",Neuroimage. 2015 Jan 1;104:231-40. doi: 10.1016/j.neuroimage.2014.10.021. Epub 2014 Oct 16.,Neuroimage.  2015,PubMed,citation,PMID:25451474
Pre-stimulus neural activity predicts successful encoding of inter-item associations.,/pubmed/25450109,"Addante RJ, de Chastelaine M, Rugg MD.",Neuroimage. 2015 Jan 15;105:21-31. doi: 10.1016/j.neuroimage.2014.10.046. Epub 2014 Oct 23.,Neuroimage.  2015,PubMed,citation,PMID:25450109 | PMCID:PMC4262549
Similarities between explicit and implicit motor imagery in mental rotation of hands: an EEG study.,/pubmed/25446966,"Osuagwu BA, Vuckovic A.",Neuropsychologia. 2014 Dec;65:197-210. doi: 10.1016/j.neuropsychologia.2014.10.029. Epub 2014 Oct 30.,Neuropsychologia.  2014,PubMed,citation,PMID:25446966
Illusion-related brain activations: a new virtual reality mirror box system for use during functional magnetic resonance imaging.,/pubmed/25446453,"Diers M, Kamping S, Kirsch P, Rance M, Bekrater-Bodmann R, Foell J, Trojan J, Fuchs X, Bach F, MaaÃŸ H, Cakmak H, Flor H.",Brain Res. 2015 Jan 12;1594:173-82. doi: 10.1016/j.brainres.2014.11.001. Epub 2014 Nov 12.,Brain Res.  2015,PubMed,citation,PMID:25446453
Neural Correlates of Fixation Duration during Real-world Scene Viewing: Evidence from Fixation-related (FIRE) fMRI.,/pubmed/25436668,"Henderson JM, Choi W.",J Cogn Neurosci. 2015 Jun;27(6):1137-45. doi: 10.1162/jocn_a_00769. Epub 2014 Dec 1.,J Cogn Neurosci.  2015,PubMed,citation,PMID:25436668
Interactions between dorsolateral and ventromedial prefrontal cortex underlie context-dependent stimulus valuation in goal-directed choice.,/pubmed/25429140,"Rudorf S, Hare TA.",J Neurosci. 2014 Nov 26;34(48):15988-96. doi: 10.1523/JNEUROSCI.3192-14.2014.,J Neurosci.  2014,PubMed,citation,PMID:25429140
Learning to minimize efforts versus maximizing rewards: computational principles and neural correlates.,/pubmed/25411490,"Skvortsova V, Palminteri S, Pessiglione M.",J Neurosci. 2014 Nov 19;34(47):15621-30. doi: 10.1523/JNEUROSCI.1350-14.2014.,J Neurosci.  2014,PubMed,citation,PMID:25411490
Frontopolar activity and connectivity support dynamic conscious augmentation of creative state.,/pubmed/25394198,"Green AE, Cohen MS, Raab HA, Yedibalian CG, Gray JR.",Hum Brain Mapp. 2015 Mar;36(3):923-34. doi: 10.1002/hbm.22676. Epub 2014 Nov 13.,Hum Brain Mapp.  2015,PubMed,citation,PMID:25394198
The Mona Lisa effect: neural correlates of centered and off-centered gaze.,/pubmed/25327821,"Boyarskaya E, Sebastian A, Bauermann T, Hecht H, TÃ_scher O.",Hum Brain Mapp. 2015 Feb;36(2):619-32. doi: 10.1002/hbm.22651. Epub 2014 Oct 18.,Hum Brain Mapp.  2015,PubMed,citation,PMID:25327821
Can Harry Potter still put a spell on us in a second language? An fMRI study on reading emotion-laden literature in late bilinguals.,/pubmed/25305809,"Hsu CT, Jacobs AM, Conrad M.",Cortex. 2015 Feb;63:282-95. doi: 10.1016/j.cortex.2014.09.002. Epub 2014 Sep 16.,Cortex.  2015,PubMed,citation,PMID:25305809
Differing contributions of inferior prefrontal and anterior temporal cortex to concrete and abstract conceptual knowledge.,/pubmed/25303272,"Hoffman P, Binney RJ, Lambon Ralph MA.",Cortex. 2015 Feb;63:250-66. doi: 10.1016/j.cortex.2014.09.001. Epub 2014 Sep 22.,Cortex.  2015,PubMed,citation,PMID:25303272 | PMCID:PMC4317194
An fMRI study of behavioral response inhibition in adolescents with and without histories of heavy prenatal alcohol exposure.,/pubmed/25281280,"Ware AL, Infante MA, O'Brien JW, Tapert SF, Jones KL, Riley EP, Mattson SN.",Behav Brain Res. 2015 Feb 1;278:137-46. doi: 10.1016/j.bbr.2014.09.037. Epub 2014 Oct 2.,Behav Brain Res.  2015,PubMed,citation,PMID:25281280 | PMCID:PMC4382425
Sensitivity of negative subsequent memory and task-negative effects to age and associative memory performance.,/pubmed/25264353,"de Chastelaine M, Mattson JT, Wang TH, Donley BE, Rugg MD.",Brain Res. 2015 Jul 1;1612:16-29. doi: 10.1016/j.brainres.2014.09.045. Epub 2014 Sep 28.,Brain Res.  2015,PubMed,citation,PMID:25264353 | PMCID:PMC4377125
Incidental self-processing modulates the interaction of emotional valence and arousal.,/pubmed/25262587,"Wang Q, Zheng L, Li L, Xu X, Cheng X, Ning R, Dienes Z, Guo X.",Exp Brain Res. 2015 Jan;233(1):229-35. doi: 10.1007/s00221-014-4106-7. Epub 2014 Sep 30.,Exp Brain Res.  2015,PubMed,citation,PMID:25262587
Neural correlates associated with superior tactile symmetry perception in the early blind.,/pubmed/25243993,"Bauer C, Yazzolino L, Hirsch G, Cattaneo Z, Vecchi T, Merabet LB.",Cortex. 2015 Feb;63:104-117. doi: 10.1016/j.cortex.2014.08.003. Epub 2014 Aug 27.,Cortex.  2015,PubMed,citation,PMID:25243993 | PMCID:PMC4305477
The medial orbitofrontal cortex encodes a general unsigned value signal during anticipation of both appetitive and aversive events.,/pubmed/25243988,"Metereau E, Dreher JC.",Cortex. 2015 Feb;63:42-54. doi: 10.1016/j.cortex.2014.08.012. Epub 2014 Aug 28.,Cortex.  2015,PubMed,citation,PMID:25243988
Lateralization of resting state networks and relationship to age and gender.,/pubmed/25241084,"Agcaoglu O, Miller R, Mayer AR, Hugdahl K, Calhoun VD.",Neuroimage. 2015 Jan 1;104:310-25. doi: 10.1016/j.neuroimage.2014.09.001. Epub 2014 Sep 18. Erratum in: Neuroimage. 2018 Feb 15;167:504. ,Neuroimage.  2015,PubMed,citation,PMID:25241084 | PMCID:PMC4252729
Adaptive coding of orofacial and speech actions in motor and somatosensory spaces with and without overt motor behavior.,/pubmed/25203272,"Sato M, Vilain C, Lamalle L, Grabski K.",J Cogn Neurosci. 2015 Feb;27(2):334-51. doi: 10.1162/jocn_a_00711.,J Cogn Neurosci.  2015,PubMed,citation,PMID:25203272
Dissociable effects of motivation and expectancy on conflict processing: an fMRI study.,/pubmed/25203271,"Soutschek A, Stelzel C, Paschke L, Walter H, Schubert T.",J Cogn Neurosci. 2015 Feb;27(2):409-23. doi: 10.1162/jocn_a_00712.,J Cogn Neurosci.  2015,PubMed,citation,PMID:25203271
"A functional investigation of RAN letters, digits, and objects: how similar are they?",/pubmed/25172183,"Cummine J, Szepesvari E, Chouinard B, Hanif W, Georgiou GK.",Behav Brain Res. 2014 Dec 15;275:157-65. doi: 10.1016/j.bbr.2014.08.038. Epub 2014 Aug 27.,Behav Brain Res.  2014,PubMed,citation,PMID:25172183
Resting-State and Task-Based Functional Brain Connectivity in Developmental Dyslexia.,/pubmed/25169986,"Schurz M, Wimmer H, Richlan F, Ludersdorfer P, Klackl J, Kronbichler M.",Cereb Cortex. 2015 Oct;25(10):3502-14. doi: 10.1093/cercor/bhu184. Epub 2014 Aug 28.,Cereb Cortex.  2015,PubMed,citation,PMID:25169986 | PMCID:PMC4585499
Like the back of the (right) hand? A new fMRI look on the hand laterality task.,/pubmed/25150553,"Zapparoli L, Invernizzi P, Gandola M, Berlingeri M, De Santis A, Zerbi A, Banfi G, Paulesu E.",Exp Brain Res. 2014 Dec;232(12):3873-95. doi: 10.1007/s00221-014-4065-z. Epub 2014 Aug 24.,Exp Brain Res.  2014,PubMed,citation,PMID:25150553
Resting-state functional connectivity of the human hypothalamus.,/pubmed/25131690,"Kullmann S, Heni M, Linder K, Zipfel S, HÃ_ring HU, Veit R, Fritsche A, Preissl H.",Hum Brain Mapp. 2014 Dec;35(12):6088-96. doi: 10.1002/hbm.22607. Epub 2014 Aug 14.,Hum Brain Mapp.  2014,PubMed,citation,PMID:25131690
Quantifying familial influences on brain activation during the monetary incentive delay task: an adolescent monozygotic twin study.,/pubmed/25101864,"Silverman MH, Krueger RF, Iacono WG, Malone SM, Hunt RH, Thomas KM.",Biol Psychol. 2014 Dec;103:7-14. doi: 10.1016/j.biopsycho.2014.07.016. Epub 2014 Aug 4.,Biol Psychol.  2014,PubMed,citation,PMID:25101864 | PMCID:PMC4258167
Developmental Trajectories for Visuo-Spatial Attention are Altered by Prenatal Alcohol Exposure: A Longitudinal FMRI Study.,/pubmed/25092900,"Gautam P, NuÃ±ez SC, Narr KL, Mattson SN, May PA, Adnams CM, Riley EP, Jones KL, Kan EC, Sowell ER.",Cereb Cortex. 2015 Dec;25(12):4761-71. doi: 10.1093/cercor/bhu162. Epub 2014 Aug 4.,Cereb Cortex.  2015,PubMed,citation,PMID:25092900 | PMCID:PMC4635917
Parallel and serial processing in dual-tasking differentially involves mechanisms in the striatum and the lateral prefrontal cortex.,/pubmed/25017192,"Yildiz A, Beste C.",Brain Struct Funct. 2015 Nov;220(6):3131-42. doi: 10.1007/s00429-014-0847-0. Epub 2014 Jul 14.,Brain Struct Funct.  2015,PubMed,citation,PMID:25017192
Frontal glutamate and reward processing in adolescence and adulthood.,/pubmed/25009315,"Gleich T, Lorenz RC, PÃ¶hland L, Raufelder D, Deserno L, Beck A, Heinz A, KÃ_hn S, Gallinat J.",Brain Struct Funct. 2015 Nov;220(6):3087-99. doi: 10.1007/s00429-014-0844-3. Epub 2014 Jul 10.,Brain Struct Funct.  2015,PubMed,citation,PMID:25009315
Supraspinal Control of Urine Storage and Micturition in Men--An fMRI Study.,/pubmed/24969474,"Michels L, Blok BF, Gregorini F, Kurz M, Schurch B, Kessler TM, Kollias S, Mehnert U.",Cereb Cortex. 2015 Oct;25(10):3369-80. doi: 10.1093/cercor/bhu140. Epub 2014 Jun 26.,Cereb Cortex.  2015,PubMed,citation,PMID:24969474 | PMCID:PMC4585491
The neural basis of temporal order processing in past and future thought.,/pubmed/24960045,"D'Argembeau A, Jeunehomme O, Majerus S, Bastin C, Salmon E.",J Cogn Neurosci. 2015 Jan;27(1):185-97. doi: 10.1162/jocn_a_00680.,J Cogn Neurosci.  2015,PubMed,citation,PMID:24960045
Negative Urgency Mediates the Relationship between Amygdala and Orbitofrontal Cortex Activation to Negative Emotional Stimuli and General Risk-Taking.,/pubmed/24904065,"Cyders MA, Dzemidzic M, Eiler WJ, Coskunpinar A, Karyadi KA, Kareken DA.",Cereb Cortex. 2015 Nov;25(11):4094-102. doi: 10.1093/cercor/bhu123. Epub 2014 Jun 5.,Cereb Cortex.  2015,PubMed,citation,PMID:24904065 | PMCID:PMC4626829
Age-related differences in the neural bases of phonological and semantic processes.,/pubmed/24893737,"Diaz MT, Johnson MA, Burke DM, Madden DJ.",J Cogn Neurosci. 2014 Dec;26(12):2798-811. doi: 10.1162/jocn_a_00665. Epub 2014 Jun 4.,J Cogn Neurosci.  2014,PubMed,citation,PMID:24893737 | PMCID:PMC4216243
Feature diagnosticity affects representations of novel and familiar objects.,/pubmed/24800630,"Hsu NS, Schlichting ML, Thompson-Schill SL.",J Cogn Neurosci. 2014 Dec;26(12):2735-49. doi: 10.1162/jocn_a_00661. Epub 2014 May 6.,J Cogn Neurosci.  2014,PubMed,citation,PMID:24800630 | PMCID:PMC4216244
A new window to understanding individual differences in reward sensitivity from attentional networks.,/pubmed/24696182,"Costumero V, BarrÃ_s-Loscertales A, Bustamante JC, Fuentes P, Rosell-Negre P, Ventura-Campos N, ÃÅvila C.",Brain Struct Funct. 2015;220(3):1807-21. doi: 10.1007/s00429-014-0760-6. Epub 2014 Apr 3. Erratum in: Brain Struct Funct. 2015 May;220(3):1823. ,Brain Struct Funct.  2015,PubMed,citation,PMID:24696182
"Expertise Effects in Face-Selective Areas are Robust to Clutter and Diverted Attention, but not to Competition.",/pubmed/24682187,"McGugin RW, Van Gulick AE, Tamber-Rosenau BJ, Ross DA, Gauthier I.",Cereb Cortex. 2015 Sep;25(9):2610-22. doi: 10.1093/cercor/bhu060. Epub 2014 Mar 28.,Cereb Cortex.  2015,PubMed,citation,PMID:24682187 | PMCID:PMC4537424
Interplay Between Conceptual Expectations and Movement Predictions Underlies Action Understanding.,/pubmed/24663382,"Ondobaka S, de Lange FP, Wittmann M, Frith CD, Bekkering H.",Cereb Cortex. 2015 Sep;25(9):2566-73. doi: 10.1093/cercor/bhu056. Epub 2014 Mar 23.,Cereb Cortex.  2015,PubMed,citation,PMID:24663382
Heschl's gyrification pattern is related to speech-listening hemispheric lateralization: FMRI investigation in 281 healthy volunteers.,/pubmed/24638878,"Tzourio-Mazoyer N, Marie D, Zago L, Jobard G, Perchey G, Leroux G, Mellet E, Joliot M, Crivello F, Petit L, Mazoyer B.",Brain Struct Funct. 2015;220(3):1585-99. doi: 10.1007/s00429-014-0746-4. Epub 2014 Mar 18.,Brain Struct Funct.  2015,PubMed,citation,PMID:24638878
Relationship Between Cortical Thickness and Functional Activation in the Early Blind.,/pubmed/24518755,"Anurova I, Renier LA, De Volder AG, Carlson S, Rauschecker JP.",Cereb Cortex. 2015 Aug;25(8):2035-48. doi: 10.1093/cercor/bhu009. Epub 2014 Feb 10.,Cereb Cortex.  2015,PubMed,citation,PMID:24518755 | PMCID:PMC4494021
Convergent BOLD and Beta-Band Activity in Superior Temporal Sulcus and Frontolimbic Circuitry Underpins Human Emotion Cognition.,/pubmed/24464944,"Jabbi M, Kohn PD, Nash T, Ianni A, Coutlee C, Holroyd T, Carver FW, Chen Q, Cropp B, Kippenhan JS, Robinson SE, Coppola R, Berman KF.",Cereb Cortex. 2015 Jul;25(7):1878-88. doi: 10.1093/cercor/bht427. Epub 2014 Jan 23.,Cereb Cortex.  2015,PubMed,citation,PMID:24464944 | PMCID:PMC4459288
Complementary roles of slow-wave sleep and rapid eye movement sleep in emotional memory consolidation.,/pubmed/24408956,"Cairney SA, Durrant SJ, Power R, Lewis PA.",Cereb Cortex. 2015 Jun;25(6):1565-75. doi: 10.1093/cercor/bht349. Epub 2014 Jan 9.,Cereb Cortex.  2015,PubMed,citation,PMID:24408956
How self-determined choice facilitates performance: a key role of the ventromedial prefrontal cortex.,/pubmed/24297329,"Murayama K, Matsumoto M, Izuma K, Sugiura A, Ryan RM, Deci EL, Matsumoto K.",Cereb Cortex. 2015 May;25(5):1241-51. doi: 10.1093/cercor/bht317. Epub 2013 Dec 2.,Cereb Cortex.  2015,PubMed,citation,PMID:24297329
Neural correlates of explicit social judgments on vocal stimuli.,/pubmed/24243619,"Hensel L, Bzdok D, MÃ_ller VI, Zilles K, Eickhoff SB.",Cereb Cortex. 2015 May;25(5):1152-62. doi: 10.1093/cercor/bht307. Epub 2013 Nov 14.,Cereb Cortex.  2015,PubMed,citation,PMID:24243619 | PMCID:PMC4481615
Neural conflict-control mechanisms improve memory for target stimuli.,/pubmed/24108799,"Krebs RM, Boehler CN, De Belder M, Egner T.",Cereb Cortex. 2015 Mar;25(3):833-43. doi: 10.1093/cercor/bht283. Epub 2013 Oct 9.,Cereb Cortex.  2015,PubMed,citation,PMID:24108799 | PMCID:PMC4400531
He who is well prepared has half won the battle: an FMRI study of task preparation.,/pubmed/24092642,"Manelis A, Reder LM.",Cereb Cortex. 2015 Mar;25(3):726-35. doi: 10.1093/cercor/bht262. Epub 2013 Oct 3.,Cereb Cortex.  2015,PubMed,citation,PMID:24092642 | PMCID:PMC4318533
Neural mechanisms of brain plasticity with complex cognitive training in healthy seniors.,/pubmed/23985135,"Chapman SB, Aslan S, Spence JS, Hart JJ Jr, Bartz EK, Didehbani N, Keebler MW, Gardner CM, Strain JF, DeFina LF, Lu H.",Cereb Cortex. 2015 Feb;25(2):396-405. doi: 10.1093/cercor/bht234. Epub 2013 Aug 28.,Cereb Cortex.  2015,PubMed,citation,PMID:23985135 | PMCID:PMC4351428
Crossmodal integration enhances neural representation of task-relevant features in audiovisual face perception.,/pubmed/23978654,"Li Y, Long J, Huang B, Yu T, Wu W, Liu Y, Liang C, Sun P.",Cereb Cortex. 2015 Feb;25(2):384-95. doi: 10.1093/cercor/bht228. Epub 2013 Aug 26.,Cereb Cortex.  2015,PubMed,citation,PMID:23978654
Selective attention to temporal features on nested time scales.,/pubmed/23978652,"Henry MJ, Herrmann B, Obleser J.",Cereb Cortex. 2015 Feb;25(2):450-9. doi: 10.1093/cercor/bht240. Epub 2013 Aug 26.,Cereb Cortex.  2015,PubMed,citation,PMID:23978652
Individual differences in laughter perception reveal roles for mentalizing and sensorimotor systems in the evaluation of emotional authenticity.,/pubmed/23968840,"McGettigan C, Walsh E, Jessop R, Agnew ZK, Sauter DA, Warren JE, Scott SK.",Cereb Cortex. 2015 Jan;25(1):246-57. doi: 10.1093/cercor/bht227. Epub 2013 Aug 22.,Cereb Cortex.  2015,PubMed,citation,PMID:23968840 | PMCID:PMC4259281